{
  "version": 1,
  "author": "Anonymous",
  "editor": "wokwi",
  "parts": [
    { "type": "wokwi-esp32-devkit-v1", "id": "esp", "top": 0, "left": 0, "attrs": {} },
    {
      "type": "wokwi-dht22",
      "id": "dht1",
      "top": 19.5,
      "left": 311.4,
      "attrs": { "temperature": "40.9", "humidity": "87" }
    },
    {
      "type": "wokwi-slide-potentiometer",
      "id": "pot1",
      "top": 177.8,
      "left": -250.6,
      "attrs": { "travelLength": "30" }
    },
    {
      "type": "wokwi-rgb-led",
      "id": "rgb1",
      "top": -15.2,
      "left": -85.3,
      "attrs": { "common": "cathode" }
    },
    { "type": "wokwi-photoresistor-sensor", "id": "ldr1", "top": 60.8, "left": -268, "attrs": {} },
    { "type": "wokwi-servo", "id": "servo1", "top": 190, "left": 268.8, "attrs": {} }
  ],
  "connections": [
    [ "esp:TX0", "$serialMonitor:RX", "", [] ],
    [ "esp:RX0", "$serialMonitor:TX", "", [] ],
    [ "dht1:SDA", "esp:D15", "green", [ "v0" ] ],
    [ "dht1:VCC", "esp:3V3", "red", [ "v0" ] ],
    [ "dht1:GND", "esp:GND.1", "black", [ "v0" ] ],
    [ "pot1:VCC", "esp:3V3", "red", [ "h-19.2", "v96", "h374.4", "v-115.2", "v0", "h-33.1" ] ],
    [ "rgb1:R", "esp:D33", "red", [ "v19.2", "h38.4", "v-14.3" ] ],
    [ "rgb1:B", "esp:D32", "blue", [ "v0" ] ],
    [ "rgb1:COM", "esp:GND.2", "black", [ "v0" ] ],
    [ "ldr1:VCC", "esp:3V3", "red", [ "h9.6", "v-96", "h211.2", "v182.4" ] ],
    [ "ldr1:GND", "esp:GND.2", "black", [ "h28.8", "v-0.4" ] ],
    [ "ldr1:AO", "esp:D26", "green", [ "h0" ] ],
    [ "servo1:GND", "esp:GND.2", "black", [ "h-268.8", "v-19.2" ] ],
    [ "servo1:V+", "esp:3V3", "red", [ "h-105.6", "v-76.7" ] ],
    [ "servo1:PWM", "esp:D12", "green", [ "h-278.4", "v-124.6" ] ],
    [ "pot1:GND", "esp:GND.2", "black", [ "v0" ] ],
    [ "pot1:SIG", "esp:VP", "green", [ "h-48", "v-206.8" ] ]
  ],
  "dependencies": {}
}